pwm,pitch
0.00,0.0407
-0.20,0.0407
-0.20,0.0406
-0.20,0.0407
-0.20,0.0411
-0.20,0.0412
-0.20,0.0409
-0.20,0.0405
-0.20,0.0373
-0.20,0.0283
-0.20,0.0176
-0.20,0.0075
-0.20,-0.0012
-0.20,-0.0085
-0.20,-0.0143
-0.20,-0.0187
-0.20,-0.0233
-0.20,-0.0317
-0.20,-0.0415
-0.20,-0.0498
-0.20,-0.0565
-0.20,-0.0620
-0.20,-0.0689
-0.20,-0.0776
-0.20,-0.0853
-0.20,-0.0910
-0.20,-0.0971
-0.20,-0.1050
-0.20,-0.1129
-0.20,-0.1200
-0.20,-0.1265
-0.20,-0.1340
-0.20,-0.1425
-0.20,-0.1505
-0.20,-0.1581
-0.20,-0.1653
-0.20,-0.1726
-0.20,-0.1796
-0.20,-0.1868
-0.20,-0.1944
-0.20,-0.2015
-0.20,-0.2077
-0.20,-0.2138
-0.20,-0.2208
-0.20,-0.2286
-0.20,-0.2359
-0.20,-0.2425
-0.20,-0.2487
-0.20,-0.2552
-0.20,-0.2623
0.20,-0.2693
0.20,-0.2755
0.20,-0.2813
0.20,-0.2823
0.20,-0.2794
0.20,-0.2724
0.20,-0.2628
0.20,-0.2502
0.20,-0.2353
0.20,-0.2183
0.20,-0.2007
0.20,-0.1864
0.20,-0.1741
0.20,-0.1614
0.20,-0.1475
0.20,-0.1326
0.20,-0.1167
0.20,-0.1002
0.20,-0.0835
0.20,-0.0680
0.20,-0.0534
0.20,-0.0396
0.20,-0.0261
0.20,-0.0132
0.20,-0.0006
0.20,0.0115
0.20,0.0227
0.20,0.0331
0.20,0.0430
0.20,0.0559
0.20,0.0712
0.20,0.0860
0.20,0.0992
0.20,0.1117
0.20,0.1243
0.20,0.1364
0.20,0.1487
0.20,0.1605
0.20,0.1724
0.20,0.1839
0.20,0.1948
0.20,0.2063
0.20,0.2186
0.20,0.2301
0.20,0.2413
0.20,0.2521
0.20,0.2628
-0.20,0.2740
-0.20,0.2843
-0.20,0.2934
-0.20,0.2986
-0.20,0.2996
-0.20,0.2965
-0.20,0.2910
-0.20,0.2827
-0.20,0.2727
-0.20,0.2603
-0.20,0.2463
-0.20,0.2322
-0.20,0.2232
-0.20,0.2170
-0.20,0.2103
-0.20,0.2025
-0.20,0.1934
-0.20,0.1831
-0.20,0.1720
-0.20,0.1602
-0.20,0.1483
-0.20,0.1384
-0.20,0.1310
-0.20,0.1239
-0.20,0.1167
-0.20,0.1091
-0.20,0.1016
-0.20,0.0942
-0.20,0.0869
-0.20,0.0798
-0.20,0.0729
-0.20,0.0660
-0.20,0.0574
-0.20,0.0479
-0.20,0.0387
-0.20,0.0300
-0.20,0.0223
-0.20,0.0147
-0.20,0.0056
-0.20,-0.0036
-0.20,-0.0122
-0.20,-0.0204
-0.20,-0.0290
-0.20,-0.0382
-0.20,-0.0468
-0.20,-0.0549
-0.20,-0.0625
-0.20,-0.0706
-0.20,-0.0790
-0.20,-0.0870
-0.20,-0.0939
-0.20,-0.1013
-0.20,-0.1096
-0.20,-0.1179
-0.20,-0.1258
-0.20,-0.1331
-0.20,-0.1414
-0.20,-0.1503
-0.20,-0.1588
-0.20,-0.1663
-0.20,-0.1737
-0.20,-0.1813
-0.20,-0.1889
-0.20,-0.1969
-0.20,-0.2044
-0.20,-0.2107
-0.20,-0.2168
-0.20,-0.2240
-0.20,-0.2318
-0.20,-0.2392
-0.20,-0.2459
-0.20,-0.2522
-0.20,-0.2594
-0.20,-0.2666
0.20,-0.2736
0.20,-0.2799
0.20,-0.2856
0.20,-0.2867
0.20,-0.2836
0.20,-0.2765
0.20,-0.2665
0.20,-0.2534
0.20,-0.2383
0.20,-0.2210
0.20,-0.2040
0.20,-0.1911
0.20,-0.1790
0.20,-0.1661
0.20,-0.1518
0.20,-0.1366
0.20,-0.1203
0.20,-0.1035
0.20,-0.0867
0.20,-0.0715
0.20,-0.0572
0.20,-0.0437
0.20,-0.0303
0.20,-0.0173
0.20,-0.0046
0.20,0.0076
0.20,0.0190
0.20,0.0296
0.20,0.0399
0.20,0.0528
0.20,0.0682
0.20,0.0832
0.20,0.0965
0.20,0.1093
0.20,0.1221
0.20,0.1344
0.20,0.1468
0.20,0.1589
0.20,0.1709
0.20,0.1825
0.20,0.1936
0.20,0.2055
0.20,0.2179
0.20,0.2295
0.20,0.2408
0.20,0.2517
0.20,0.2626
-0.20,0.2738
-0.20,0.2841
-0.20,0.2932
-0.20,0.2986
-0.20,0.3000
-0.20,0.2971
-0.20,0.2917
-0.20,0.2835
-0.20,0.2734
-0.20,0.2610
-0.20,0.2468
-0.20,0.2324
-0.20,0.2233
-0.20,0.2175
-0.20,0.2111
-0.20,0.2036
-0.20,0.1947
-0.20,0.1848
-0.20,0.1737
-0.20,0.1619
-0.20,0.1499
-0.20,0.1393
-0.20,0.1317
-0.20,0.1247
-0.20,0.1178
-0.20,0.1105
-0.20,0.1033
-0.20,0.0957
-0.20,0.0884
-0.20,0.0810
-0.20,0.0741
-0.20,0.0672
-0.20,0.0594
-0.20,0.0500
-0.20,0.0403
-0.20,0.0315
-0.20,0.0234
-0.20,0.0158
-0.20,0.0073
-0.20,-0.0023
-0.20,-0.0110
-0.20,-0.0191
-0.20,-0.0275
-0.20,-0.0366
-0.20,-0.0456
-0.20,-0.0540
-0.20,-0.0616
-0.20,-0.0696
-0.20,-0.0780
-0.20,-0.0865
-0.20,-0.0935
-0.20,-0.1004
-0.20,-0.1085
-0.20,-0.1170
-0.20,-0.1249
-0.20,-0.1322
-0.20,-0.1404
-0.20,-0.1491
-0.20,-0.1577
-0.20,-0.1656
-0.20,-0.1728
-0.20,-0.1800
-0.20,-0.1875
-0.20,-0.1952
-0.20,-0.2025
-0.20,-0.2090
-0.20,-0.2148
-0.20,-0.2218
-0.20,-0.2295
-0.20,-0.2367
-0.20,-0.2434
-0.20,-0.2495
-0.20,-0.2561
-0.20,-0.2631
0.20,-0.2704
0.20,-0.2770
0.20,-0.2828
0.20,-0.2838
0.20,-0.2809
0.20,-0.2736
0.20,-0.2638
0.20,-0.2508
0.20,-0.2356
0.20,-0.2182
0.20,-0.2008
0.20,-0.1870
0.20,-0.1748
0.20,-0.1620
0.20,-0.1479
0.20,-0.1327
0.20,-0.1165
0.20,-0.0998
0.20,-0.0828
0.20,-0.0670
0.20,-0.0520
0.20,-0.0380
0.20,-0.0244
0.20,-0.0111
0.20,0.0017
0.20,0.0140
0.20,0.0258
0.20,0.0366
0.20,0.0469
0.20,0.0591
0.20,0.0744
0.20,0.0898
0.20,0.1037
0.20,0.1161
0.20,0.1271
0.20,0.1390
0.20,0.1522
0.20,0.1646
0.20,0.1761
0.20,0.1869
0.20,0.1981
0.20,0.2108
0.20,0.2225
0.20,0.2337
0.20,0.2449
0.20,0.2556
0.20,0.2668
-0.20,0.2778
-0.20,0.2877
-0.20,0.2970
-0.20,0.3024
-0.20,0.3037
-0.20,0.3007
-0.20,0.2950
-0.20,0.2867
-0.20,0.2763
-0.20,0.2636
-0.20,0.2491
-0.20,0.2343
-0.20,0.2255
-0.20,0.2202
-0.20,0.2143
-0.20,0.2071
-0.20,0.1984
-0.20,0.1885
-0.20,0.1774
-0.20,0.1655
-0.20,0.1530
-0.20,0.1413
-0.20,0.1330
-0.20,0.1265
-0.20,0.1200
-0.20,0.1131
-0.20,0.1062
-0.20,0.0989
-0.20,0.0916
-0.20,0.0845
-0.20,0.0776
-0.20,0.0700
-0.20,0.0608
-0.20,0.0516
-0.20,0.0428
-0.20,0.0345
-0.20,0.0267
-0.20,0.0181
-0.20,0.0089
-0.20,0.0000
-0.20,-0.0083
-0.20,-0.0164
-0.20,-0.0254
-0.20,-0.0343
-0.20,-0.0432
-0.20,-0.0515
-0.20,-0.0594
-0.20,-0.0671
-0.20,-0.0752
-0.20,-0.0835
-0.20,-0.0910
-0.20,-0.0979
-0.20,-0.1055
-0.20,-0.1138
-0.20,-0.1221
-0.20,-0.1296
-0.20,-0.1376
-0.20,-0.1462
-0.20,-0.1549
-0.20,-0.1631
-0.20,-0.1707
-0.20,-0.1779
-0.20,-0.1854
-0.20,-0.1927
-0.20,-0.2006
-0.20,-0.2076
-0.20,-0.2136
-0.20,-0.2202
-0.20,-0.2278
-0.20,-0.2355
-0.20,-0.2427
-0.20,-0.2493
-0.20,-0.2556
-0.20,-0.2627
0.20,-0.2700
0.20,-0.2766
0.20,-0.2825
0.20,-0.2836
0.20,-0.2806
0.20,-0.2734
0.20,-0.2636
0.20,-0.2506
0.20,-0.2354
0.20,-0.2181
0.20,-0.2006
0.20,-0.1869
0.20,-0.1745
0.20,-0.1615
0.20,-0.1470
0.20,-0.1318
0.20,-0.1153
0.20,-0.0986
0.20,-0.0819
0.20,-0.0662
0.20,-0.0517
0.20,-0.0380
0.20,-0.0245
0.20,-0.0114
0.20,0.0016
0.20,0.0138
0.20,0.0256
0.20,0.0365
0.20,0.0468
0.20,0.0591
0.20,0.0744
0.20,0.0905
0.20,0.1049
0.20,0.1176
0.20,0.1284
0.20,0.1396
0.20,0.1533
0.20,0.1663
0.20,0.1779
0.20,0.1884
0.20,0.1996
0.20,0.2125
0.20,0.2245
0.20,0.2356
0.20,0.2466
0.20,0.2577
0.20,0.2691
-0.20,0.2797
-0.20,0.2893
-0.20,0.2986
-0.20,0.3039
-0.20,0.3051
-0.20,0.3022
-0.20,0.2965
-0.20,0.2882
-0.20,0.2776
-0.20,0.2648
-0.20,0.2501
-0.20,0.2356
-0.20,0.2270
-0.20,0.2220
-0.20,0.2162
-0.20,0.2091
-0.20,0.2005
-0.20,0.1903
-0.20,0.1791
-0.20,0.1671
-0.20,0.1544
-0.20,0.1422
-0.20,0.1332
-0.20,0.1264
-0.20,0.1198
-0.20,0.1127
-0.20,0.1056
-0.20,0.0982
-0.20,0.0907
-0.20,0.0835
-0.20,0.0764
-0.20,0.0691
-0.20,0.0605
-0.20,0.0514
-0.20,0.0422
-0.20,0.0335
-0.20,0.0256
-0.20,0.0169
-0.20,0.0075
-0.20,-0.0017
-0.20,-0.0101
-0.20,-0.0186
-0.20,-0.0276
-0.20,-0.0369
-0.20,-0.0460
-0.20,-0.0542
-0.20,-0.0621
-0.20,-0.0697
-0.20,-0.0781
-0.20,-0.0866
-0.20,-0.0939
-0.20,-0.1010
-0.20,-0.1092
-0.20,-0.1179
-0.20,-0.1261
-0.20,-0.1337
-0.20,-0.1418
-0.20,-0.1507
-0.20,-0.1597
-0.20,-0.1677
-0.20,-0.1751
-0.20,-0.1825
-0.20,-0.1899
-0.20,-0.1977
-0.20,-0.2052
-0.20,-0.2118
-0.20,-0.2178
-0.20,-0.2247
-0.20,-0.2326
-0.20,-0.2403
-0.20,-0.2470
-0.20,-0.2532
-0.20,-0.2600
-0.20,-0.2673
0.20,-0.2745
0.20,-0.2809
0.20,-0.2866
0.20,-0.2875
0.20,-0.2843
0.20,-0.2770
0.20,-0.2668
0.20,-0.2536
0.20,-0.2383
0.20,-0.2208
0.20,-0.2042
0.20,-0.1916
0.20,-0.1794
0.20,-0.1662
0.20,-0.1514
0.20,-0.1358
0.20,-0.1190
0.20,-0.1016
0.20,-0.0848
0.20,-0.0700
0.20,-0.0560
0.20,-0.0427
0.20,-0.0292
0.20,-0.0163
0.20,-0.0033
0.20,0.0090
0.20,0.0209
0.20,0.0318
0.20,0.0424
0.20,0.0555
0.20,0.0707
0.20,0.0858
0.20,0.0994
0.20,0.1120
0.20,0.1246
0.20,0.1372
0.20,0.1501
0.20,0.1623
0.20,0.1743
0.20,0.1856
0.20,0.1965
0.20,0.2087
0.20,0.2205
0.20,0.2316
0.20,0.2428
0.20,0.2535
0.20,0.2647
-0.20,0.2759
-0.20,0.2859
-0.20,0.2952
-0.20,0.3007
-0.20,0.3020
-0.20,0.2991
-0.20,0.2935
-0.20,0.2853
-0.20,0.2751
-0.20,0.2624
-0.20,0.2480
-0.20,0.2336
-0.20,0.2252
-0.20,0.2200
-0.20,0.2140
-0.20,0.2068
-0.20,0.1980
-0.20,0.1878
-0.20,0.1765
-0.20,0.1643
-0.20,0.1519
-0.20,0.1411
-0.20,0.1340
-0.20,0.1276
-0.20,0.1214
-0.20,0.1146
-0.20,0.1077
-0.20,0.1006
-0.20,0.0933
-0.20,0.0862
-0.20,0.0788
-0.20,0.0699
-0.20,0.0604
-0.20,0.0511
-0.20,0.0425
-0.20,0.0346
-0.20,0.0271
-0.20,0.0185
-0.20,0.0092
-0.20,0.0001
-0.20,-0.0081
-0.20,-0.0162
-0.20,-0.0250
-0.20,-0.0340
-0.20,-0.0428
-0.20,-0.0511
-0.20,-0.0588
-0.20,-0.0666
-0.20,-0.0746
-0.20,-0.0831
-0.20,-0.0906
-0.20,-0.0975
-0.20,-0.1051
-0.20,-0.1134
-0.20,-0.1216
-0.20,-0.1292
-0.20,-0.1369
-0.20,-0.1455
-0.20,-0.1541
-0.20,-0.1623
-0.20,-0.1698
-0.20,-0.1770
-0.20,-0.1845
-0.20,-0.1919
-0.20,-0.1999
-0.20,-0.2072
-0.20,-0.2133
-0.20,-0.2199
-0.20,-0.2275
-0.20,-0.2355
-0.20,-0.2428
-0.20,-0.2494
-0.20,-0.2556
-0.20,-0.2628
0.20,-0.2701
0.20,-0.2768
0.20,-0.2826
0.20,-0.2837
0.20,-0.2806
0.20,-0.2733
0.20,-0.2632
0.20,-0.2502
0.20,-0.2348
0.20,-0.2174
0.20,-0.2006
0.20,-0.1878
0.20,-0.1755
0.20,-0.1624
0.20,-0.1478
0.20,-0.1323
0.20,-0.1156
0.20,-0.0987
0.20,-0.0821
0.20,-0.0670
0.20,-0.0530
0.20,-0.0395
0.20,-0.0261
0.20,-0.0131
0.20,-0.0004
0.20,0.0118
0.20,0.0235
0.20,0.0344
0.20,0.0449
0.20,0.0579
0.20,0.0730
0.20,0.0881
0.20,0.1015
0.20,0.1138
0.20,0.1258
0.20,0.1383
0.20,0.1511
0.20,0.1630
0.20,0.1746
0.20,0.1858
0.20,0.1968
0.20,0.2092
0.20,0.2208
0.20,0.2319
0.20,0.2432
0.20,0.2539
0.20,0.2650
-0.20,0.2761
-0.20,0.2860
-0.20,0.2952
-0.20,0.3005
-0.20,0.3018
-0.20,0.2987
-0.20,0.2933
-0.20,0.2850
-0.20,0.2747
-0.20,0.2620
-0.20,0.2478
-0.20,0.2334
-0.20,0.2248
-0.20,0.2197
-0.20,0.2138
-0.20,0.2066
-0.20,0.1977
-0.20,0.1876
-0.20,0.1765
-0.20,0.1645
-0.20,0.1523
-0.20,0.1417
-0.20,0.1347
-0.20,0.1284
-0.20,0.1221
-0.20,0.1151
-0.20,0.1080
-0.20,0.1006
-0.20,0.0931
-0.20,0.0857
-0.20,0.0784
-0.20,0.0706
-0.20,0.0616
-0.20,0.0527
-0.20,0.0438
-0.20,0.0354
-0.20,0.0276
-0.20,0.0193
-0.20,0.0101
-0.20,0.0010
-0.20,-0.0074
-0.20,-0.0156
-0.20,-0.0246
-0.20,-0.0337
-0.20,-0.0428
-0.20,-0.0509
-0.20,-0.0587
-0.20,-0.0664
-0.20,-0.0742
-0.20,-0.0826
-0.20,-0.0900
-0.20,-0.0970
-0.20,-0.1046
-0.20,-0.1128
-0.20,-0.1208
-0.20,-0.1283
-0.20,-0.1361
-0.20,-0.1446
-0.20,-0.1533
-0.20,-0.1615
-0.20,-0.1689
-0.20,-0.1761
-0.20,-0.1834
-0.20,-0.1906
-0.20,-0.1984
-0.20,-0.2054
-0.20,-0.2116
-0.20,-0.2179
-0.20,-0.2253
-0.20,-0.2329
-0.20,-0.2402
-0.20,-0.2468
-0.20,-0.2530
-0.20,-0.2603
-0.20,-0.2676
0.20,-0.2747
0.20,-0.2812
0.20,-0.2866
0.20,-0.2875
0.20,-0.2840
0.20,-0.2765
0.20,-0.2661
0.20,-0.2529
0.20,-0.2373
0.20,-0.2199
0.20,-0.2036
0.20,-0.1915
0.20,-0.1796
0.20,-0.1664
0.20,-0.1517
0.20,-0.1360
0.20,-0.1191
0.20,-0.1018
0.20,-0.0847
0.20,-0.0698
0.20,-0.0560
0.20,-0.0427
0.20,-0.0293
0.20,-0.0162
0.20,-0.0034
0.20,0.0091
0.20,0.0210
0.20,0.0319
0.20,0.0426
0.20,0.0557
0.20,0.0710
0.20,0.0861
0.20,0.0997
0.20,0.1124
0.20,0.1253
0.20,0.1378
0.20,0.1506
0.20,0.1628
0.20,0.1748
0.20,0.1861
0.20,0.1971
0.20,0.2092
0.20,0.2212
0.20,0.2327
0.20,0.2441
0.20,0.2550
0.20,0.2662
-0.20,0.2774
-0.20,0.2874
-0.20,0.2966
-0.20,0.3018
-0.20,0.3030
-0.20,0.2998
-0.20,0.2940
-0.20,0.2856
-0.20,0.2750
-0.20,0.2623
-0.20,0.2480
-0.20,0.2348
-0.20,0.2279
-0.20,0.2228
-0.20,0.2167
-0.20,0.2089
-0.20,0.1997
-0.20,0.1891
-0.20,0.1775
-0.20,0.1649
-0.20,0.1528
-0.20,0.1434
-0.20,0.1369
-0.20,0.1309
-0.20,0.1247
-0.20,0.1178
-0.20,0.1108
-0.20,0.1035
-0.20,0.0959
-0.20,0.0885
-0.20,0.0807
-0.20,0.0717
-0.20,0.0621
-0.20,0.0530
-0.20,0.0443
-0.20,0.0362
-0.20,0.0286
-0.20,0.0198
-0.20,0.0104
-0.20,0.0014
-0.20,-0.0069
-0.20,-0.0152
-0.20,-0.0243
-0.20,-0.0334
-0.20,-0.0423
-0.20,-0.0505
-0.20,-0.0582
-0.20,-0.0660
-0.20,-0.0740
-0.20,-0.0824
-0.20,-0.0896
-0.20,-0.0967
-0.20,-0.1044
-0.20,-0.1125
-0.20,-0.1207
-0.20,-0.1283
-0.20,-0.1363
-0.20,-0.1449
-0.20,-0.1536
-0.20,-0.1618
-0.20,-0.1692
-0.20,-0.1764
-0.20,-0.1840
-0.20,-0.1914
-0.20,-0.1992
-0.20,-0.2063
-0.20,-0.2123
-0.20,-0.2189
-0.20,-0.2266
-0.20,-0.2343
-0.20,-0.2415
-0.20,-0.2482
-0.20,-0.2546
-0.20,-0.2618
0.20,-0.2692
0.20,-0.2759
0.20,-0.2818
0.20,-0.2829
0.20,-0.2797
0.20,-0.2723
0.20,-0.2621
0.20,-0.2490
0.20,-0.2336
0.20,-0.2161
0.20,-0.1990
0.20,-0.1860
0.20,-0.1737
0.20,-0.1606
0.20,-0.1460
0.20,-0.1306
0.20,-0.1139
0.20,-0.0970
0.20,-0.0802
0.20,-0.0646
0.20,-0.0501
0.20,-0.0363
0.20,-0.0228
0.20,-0.0099
0.20,0.0030
0.20,0.0151
0.20,0.0267
0.20,0.0375
0.20,0.0478
0.20,0.0603
0.20,0.0754
0.20,0.0909
0.20,0.1048
0.20,0.1170
0.20,0.1282
0.20,0.1402
0.20,0.1536
0.20,0.1657
0.20,0.1769
0.20,0.1876
0.20,0.1987
0.20,0.2111
0.20,0.2228
0.20,0.2336
0.20,0.2446
0.20,0.2554
0.20,0.2665
-0.20,0.2774
-0.20,0.2871
-0.20,0.2962
-0.20,0.3013
-0.20,0.3023
-0.20,0.2992
-0.20,0.2935
-0.20,0.2852
-0.20,0.2748
-0.20,0.2621
-0.20,0.2478
-0.20,0.2343
-0.20,0.2275
-0.20,0.2227
-0.20,0.2169
-0.20,0.2095
-0.20,0.2007
-0.20,0.1904
-0.20,0.1791
-0.20,0.1668
-0.20,0.1540
-0.20,0.1431
-0.20,0.1360
-0.20,0.1300
-0.20,0.1239
-0.20,0.1174
-0.20,0.1108
-0.20,0.1036
-0.20,0.0965
-0.20,0.0892
-0.20,0.0808
-0.20,0.0712
-0.20,0.0614
-0.20,0.0521
-0.20,0.0434
-0.20,0.0353
-0.20,0.0280
-0.20,0.0201
-0.20,0.0106
-0.20,0.0012
-0.20,-0.0074
-0.20,-0.0152
-0.20,-0.0241
-0.20,-0.0332
-0.20,-0.0423
-0.20,-0.0506
-0.20,-0.0583
-0.20,-0.0659
-0.20,-0.0739
-0.20,-0.0823
-0.20,-0.0897
-0.20,-0.0967
-0.20,-0.1043
-0.20,-0.1128
-0.20,-0.1210
-0.20,-0.1285
-0.20,-0.1360
-0.20,-0.1446
-0.20,-0.1534
-0.20,-0.1618
-0.20,-0.1692
-0.20,-0.1763
-0.20,-0.1838
-0.20,-0.1912
-0.20,-0.1990
-0.20,-0.2061
-0.20,-0.2122
-0.20,-0.2186
-0.20,-0.2261
-0.20,-0.2338
-0.20,-0.2410
-0.20,-0.2475
-0.20,-0.2540
-0.20,-0.2612
-0.20,-0.2688
0.20,-0.2759
0.20,-0.2826
0.20,-0.2881
0.20,-0.2893
0.20,-0.2858
0.20,-0.2783
0.20,-0.2679
0.20,-0.2546
0.20,-0.2388
0.20,-0.2214
0.20,-0.2055
0.20,-0.1936
0.20,-0.1815
0.20,-0.1683
0.20,-0.1533
0.20,-0.1374
0.20,-0.1203
0.20,-0.1027
0.20,-0.0858
0.20,-0.0711
0.20,-0.0575
0.20,-0.0443
0.20,-0.0310
0.20,-0.0178
0.20,-0.0049
0.20,0.0077
0.20,0.0195
0.20,0.0305
0.20,0.0412
0.20,0.0543
0.20,0.0695
0.20,0.0845
0.20,0.0981
0.20,0.1111
0.20,0.1239
0.20,0.1365
0.20,0.1493
0.20,0.1615
0.20,0.1734
0.20,0.1848
0.20,0.1958
0.20,0.2077
0.20,0.2198
0.20,0.2312
0.20,0.2425
0.20,0.2535
0.20,0.2644
-0.20,0.2755
-0.20,0.2855
-0.20,0.2946
-0.20,0.2996
-0.20,0.3008
-0.20,0.2976
-0.20,0.2921
-0.20,0.2839
-0.20,0.2735
-0.20,0.2610
-0.20,0.2468
-0.20,0.2331
-0.20,0.2256
-0.20,0.2205
-0.20,0.2142
-0.20,0.2065
-0.20,0.1975
-0.20,0.1872
-0.20,0.1758
-0.20,0.1637
-0.20,0.1518
-0.20,0.1423
-0.20,0.1358
-0.20,0.1298
-0.20,0.1237
-0.20,0.1169
-0.20,0.1100
-0.20,0.1028
-0.20,0.0953
-0.20,0.0880
-0.20,0.0804
-0.20,0.0714
-0.20,0.0621
-0.20,0.0531
-0.20,0.0447
-0.20,0.0369
-0.20,0.0294
-0.20,0.0213
-0.20,0.0121
-0.20,0.0029
-0.20,-0.0055
-0.20,-0.0134
-0.20,-0.0221
-0.20,-0.0311
-0.20,-0.0399
-0.20,-0.0484
-0.20,-0.0562
-0.20,-0.0636
-0.20,-0.0711
-0.20,-0.0792
-0.20,-0.0871
-0.20,-0.0938
-0.20,-0.1009
-0.20,-0.1090
-0.20,-0.1171
-0.20,-0.1250
-0.20,-0.1323
-0.20,-0.1403
-0.20,-0.1488
-0.20,-0.1574
-0.20,-0.1654
-0.20,-0.1727
-0.20,-0.1797
-0.20,-0.1870
-0.20,-0.1941
-0.20,-0.2017
-0.20,-0.2086
-0.20,-0.2145
-0.20,-0.2207
-0.20,-0.2280
-0.20,-0.2356
-0.20,-0.2424
-0.20,-0.2488
-0.20,-0.2550
-0.20,-0.2620
0.20,-0.2692
0.20,-0.2761
0.20,-0.2817
0.20,-0.2829
0.20,-0.2797
0.20,-0.2724
0.20,-0.2624
0.20,-0.2494
0.20,-0.2342
0.20,-0.2170
0.20,-0.2007
0.20,-0.1883
0.20,-0.1761
0.20,-0.1629
0.20,-0.1481
0.20,-0.1324
0.20,-0.1156
0.20,-0.0986
0.20,-0.0823
0.20,-0.0674
0.20,-0.0536
0.20,-0.0402
0.20,-0.0271
0.20,-0.0141
0.20,-0.0012
0.20,0.0111
0.20,0.0227
0.20,0.0338
0.20,0.0446
0.20,0.0581
0.20,0.0734
0.20,0.0883
0.20,0.1017
0.20,0.1140
0.20,0.1263
0.20,0.1388
0.20,0.1516
0.20,0.1634
0.20,0.1748
0.20,0.1859
0.20,0.1969
0.20,0.2093
0.20,0.2211
0.20,0.2323
0.20,0.2434
0.20,0.2540
0.20,0.2652
-0.20,0.2758
-0.20,0.2852
-0.20,0.2942
-0.20,0.2993
-0.20,0.3003
-0.20,0.2971
-0.20,0.2913
-0.20,0.2831
-0.20,0.2726
-0.20,0.2601
-0.20,0.2456
-0.20,0.2317
-0.20,0.2240
-0.20,0.2194
-0.20,0.2137
-0.20,0.2065
-0.20,0.1979
-0.20,0.1880
-0.20,0.1769
-0.20,0.1648
-0.20,0.1523
-0.20,0.1404
-0.20,0.1319
-0.20,0.1259
-0.20,0.1199
-0.20,0.1136
-0.20,0.1071
-0.20,0.1003
-0.20,0.0935
-0.20,0.0866
-0.20,0.0786
-0.20,0.0690
-0.20,0.0591
-0.20,0.0496
-0.20,0.0407
-0.20,0.0327
-0.20,0.0253
-0.20,0.0185
-0.20,0.0106
-0.20,0.0010
-0.20,-0.0084
-0.20,-0.0166
-0.20,-0.0243
-0.20,-0.0328
-0.20,-0.0419
-0.20,-0.0507
-0.20,-0.0586
-0.20,-0.0658
-0.20,-0.0732
-0.20,-0.0812
-0.20,-0.0892
-0.20,-0.0960
-0.20,-0.1027
-0.20,-0.1107
-0.20,-0.1190
-0.20,-0.1269
-0.20,-0.1341
-0.20,-0.1421
-0.20,-0.1507
-0.20,-0.1596
-0.20,-0.1676
-0.20,-0.1749
-0.20,-0.1820
-0.20,-0.1894
-0.20,-0.1966
-0.20,-0.2042
-0.20,-0.2111
-0.20,-0.2170
-0.20,-0.2236
-0.20,-0.2311
-0.20,-0.2387
-0.20,-0.2459
-0.20,-0.2525
-0.20,-0.2589
-0.20,-0.2660
0.20,-0.2735
0.20,-0.2802
0.20,-0.2861
0.20,-0.2871
0.20,-0.2840
0.20,-0.2767
0.20,-0.2666
0.20,-0.2534
0.20,-0.2381
0.20,-0.2208
0.20,-0.2041
0.20,-0.1915
0.20,-0.1793
0.20,-0.1663
0.20,-0.1517
0.20,-0.1362
0.20,-0.1193
0.20,-0.1023
0.20,-0.0857
0.20,-0.0707
0.20,-0.0568
0.20,-0.0433
0.20,-0.0299
0.20,-0.0167
0.20,-0.0037
0.20,0.0086
0.20,0.0203
0.20,0.0316
0.20,0.0421
0.20,0.0548
0.20,0.0700
0.20,0.0856
0.20,0.0996
0.20,0.1120
0.20,0.1233
0.20,0.1356
0.20,0.1491
0.20,0.1614
0.20,0.1726
0.20,0.1834
0.20,0.1948
0.20,0.2073
0.20,0.2192
0.20,0.2305
0.20,0.2417
0.20,0.2526
0.20,0.2640
-0.20,0.2746
-0.20,0.2841
-0.20,0.2932
-0.20,0.2983
-0.20,0.2994
-0.20,0.2961
-0.20,0.2905
-0.20,0.2821
-0.20,0.2717
-0.20,0.2591
-0.20,0.2447
-0.20,0.2304
-0.20,0.2224
-0.20,0.2176
-0.20,0.2119
-0.20,0.2048
-0.20,0.1963
-0.20,0.1865
-0.20,0.1754
-0.20,0.1633
-0.20,0.1509
-0.20,0.1390
-0.20,0.1307
-0.20,0.1246
-0.20,0.1185
-0.20,0.1121
-0.20,0.1055
-0.20,0.0986
-0.20,0.0916
-0.20,0.0845
-0.20,0.0763
-0.20,0.0665
-0.20,0.0566
-0.20,0.0474
-0.20,0.0386
-0.20,0.0308
-0.20,0.0238
-0.20,0.0164
-0.20,0.0074
-0.20,-0.0022
-0.20,-0.0110
-0.20,-0.0189
-0.20,-0.0273
-0.20,-0.0363
-0.20,-0.0455
-0.20,-0.0540
-0.20,-0.0619
-0.20,-0.0694
-0.20,-0.0770
-0.20,-0.0852
-0.20,-0.0930
-0.20,-0.0996
-0.20,-0.1065
-0.20,-0.1146
-0.20,-0.1228
-0.20,-0.1304
-0.20,-0.1377
-0.20,-0.1458
-0.20,-0.1544
-0.20,-0.1631
-0.20,-0.1707
-0.20,-0.1779
-0.20,-0.1851
-0.20,-0.1924
-0.20,-0.1998
-0.20,-0.2072
-0.20,-0.2138
-0.20,-0.2196
-0.20,-0.2264
-0.20,-0.2340
-0.20,-0.2413
-0.20,-0.2483
-0.20,-0.2549
-0.20,-0.2616
-0.20,-0.2689
0.20,-0.2762
0.20,-0.2828
0.20,-0.2886
0.20,-0.2894
0.20,-0.2862
0.20,-0.2786
0.20,-0.2683
0.20,-0.2548
0.20,-0.2392
0.20,-0.2213
0.20,-0.2047
0.20,-0.1923
0.20,-0.1802
0.20,-0.1670
0.20,-0.1524
0.20,-0.1368
0.20,-0.1198
0.20,-0.1028
0.20,-0.0859
0.20,-0.0708
0.20,-0.0567
0.20,-0.0434
0.20,-0.0298
0.20,-0.0167
0.20,-0.0037
0.20,0.0088
0.20,0.0206
0.20,0.0319
0.20,0.0425
0.20,0.0551
0.20,0.0702
0.20,0.0858
0.20,0.0996
0.20,0.1120
0.20,0.1232
0.20,0.1355
0.20,0.1490
0.20,0.1611
0.20,0.1725
0.20,0.1832
0.20,0.1944
0.20,0.2070
0.20,0.2187
0.20,0.2298
0.20,0.2410
0.20,0.2519
0.20,0.2633
-0.20,0.2739
-0.20,0.2835
-0.20,0.2924
-0.20,0.2974
-0.20,0.2984
-0.20,0.2952
-0.20,0.2896
-0.20,0.2812
-0.20,0.2707
-0.20,0.2581
-0.20,0.2438
-0.20,0.2300
-0.20,0.2223
-0.20,0.2174
-0.20,0.2117
-0.20,0.2044
-0.20,0.1959
-0.20,0.1857
-0.20,0.1748
-0.20,0.1627
-0.20,0.1504
-0.20,0.1387
-0.20,0.1307
-0.20,0.1250
-0.20,0.1191
-0.20,0.1130
-0.20,0.1066
-0.20,0.0999
-0.20,0.0931
-0.20,0.0862
-0.20,0.0774
-0.20,0.0674
-0.20,0.0571
-0.20,0.0476
-0.20,0.0386
-0.20,0.0304
-0.20,0.0230
-0.20,0.0164
-0.20,0.0096
-0.20,0.0005
-0.20,-0.0095
-0.20,-0.0185
-0.20,-0.0263
-0.20,-0.0343
-0.20,-0.0433
-0.20,-0.0524
-0.20,-0.0606
-0.20,-0.0676
-0.20,-0.0748
-0.20,-0.0828
-0.20,-0.0909
-0.20,-0.0977
-0.20,-0.1045
-0.20,-0.1125
-0.20,-0.1209
-0.20,-0.1289
-0.20,-0.1362
-0.20,-0.1442
-0.20,-0.1527
-0.20,-0.1615
-0.20,-0.1693
-0.20,-0.1765
-0.20,-0.1835
-0.20,-0.1907
-0.20,-0.1979
-0.20,-0.2054
-0.20,-0.2122
-0.20,-0.2178
-0.20,-0.2243
-0.20,-0.2318
-0.20,-0.2394
-0.20,-0.2466
-0.20,-0.2531
-0.20,-0.2594
-0.20,-0.2666
0.20,-0.2741
0.20,-0.2809
0.20,-0.2868
0.20,-0.2877
0.20,-0.2846
0.20,-0.2771
0.20,-0.2670
0.20,-0.2538
0.20,-0.2382
0.20,-0.2208
0.20,-0.2040
0.20,-0.1914
0.20,-0.1793
0.20,-0.1661
0.20,-0.1515
0.20,-0.1359
0.20,-0.1190
0.20,-0.1020
0.20,-0.0853
0.20,-0.0702
0.20,-0.0560
0.20,-0.0427
0.20,-0.0291
0.20,-0.0159
0.20,-0.0030
0.20,0.0096
0.20,0.0213
0.20,0.0324
0.20,0.0429
0.20,0.0553
0.20,0.0705
0.20,0.0866
0.20,0.1010
0.20,0.1136
0.20,0.1245
0.20,0.1358
0.20,0.1493
0.20,0.1622
0.20,0.1735
0.20,0.1839
0.20,0.1953
0.20,0.2080
0.20,0.2197
0.20,0.2308
0.20,0.2420
0.20,0.2531
0.20,0.2648
-0.20,0.2752
-0.20,0.2850
-0.20,0.2940
-0.20,0.2992
-0.20,0.3003
-0.20,0.2972
-0.20,0.2917
-0.20,0.2835
-0.20,0.2731
-0.20,0.2606
-0.20,0.2463
-0.20,0.2319
-0.20,0.2235
-0.20,0.2187
-0.20,0.2132
-0.20,0.2062
-0.20,0.1978
-0.20,0.1881
-0.20,0.1772
-0.20,0.1652
-0.20,0.1529
-0.20,0.1403
-0.20,0.1301
-0.20,0.1234
-0.20,0.1169
-0.20,0.1105
-0.20,0.1040
-0.20,0.0970
-0.20,0.0902
-0.20,0.0831
-0.20,0.0760
-0.20,0.0674
-0.20,0.0576
-0.20,0.0481
-0.20,0.0390
-0.20,0.0308
-0.20,0.0233
-0.20,0.0161
-0.20,0.0074
-0.20,-0.0024
-0.20,-0.0115
-0.20,-0.0196
-0.20,-0.0278
-0.20,-0.0369
-0.20,-0.0463
-0.20,-0.0549
-0.20,-0.0627
-0.20,-0.0700
-0.20,-0.0778
-0.20,-0.0860
-0.20,-0.0939
-0.20,-0.1006
-0.20,-0.1077
-0.20,-0.1158
-0.20,-0.1242
-0.20,-0.1319
-0.20,-0.1393
-0.20,-0.1475
-0.20,-0.1562
-0.20,-0.1650
-0.20,-0.1728
-0.20,-0.1801
-0.20,-0.1872
-0.20,-0.1945
-0.20,-0.2019
-0.20,-0.2094
-0.20,-0.2160
-0.20,-0.2218
-0.20,-0.2287
-0.20,-0.2362
-0.20,-0.2435
-0.20,-0.2505
-0.20,-0.2571
-0.20,-0.2638
0.20,-0.2709
0.20,-0.2782
0.20,-0.2839
0.20,-0.2852
0.20,-0.2820
0.20,-0.2747
0.20,-0.2645
0.20,-0.2515
0.20,-0.2365
0.20,-0.2206
0.20,-0.2074
0.20,-0.1958
0.20,-0.1833
0.20,-0.1689
0.20,-0.1533
0.20,-0.1366
0.20,-0.1192
0.20,-0.1031
0.20,-0.0890
0.20,-0.0755
0.20,-0.0620
0.20,-0.0484
0.20,-0.0347
0.20,-0.0210
0.20,-0.0076
0.20,0.0052
0.20,0.0176
0.20,0.0294
0.20,0.0405
0.20,0.0528
0.20,0.0675
0.20,0.0830
0.20,0.0971
0.20,0.1096
0.20,0.1207
0.20,0.1326
0.20,0.1462
0.20,0.1587
0.20,0.1699
0.20,0.1807
0.20,0.1919
0.20,0.2046
0.20,0.2164
0.20,0.2274
0.20,0.2384
0.20,0.2493
0.20,0.2606
0.20,0.2713
-0.20,0.2809
-0.20,0.2908
-0.20,0.2996
-0.20,0.3043
-0.20,0.3048
-0.20,0.3011
-0.20,0.2949
-0.20,0.2862
-0.20,0.2753
-0.20,0.2623
-0.20,0.2478
-0.20,0.2362
-0.20,0.2292
-0.20,0.2234
-0.20,0.2163
-0.20,0.2080
-0.20,0.1980
-0.20,0.1868
-0.20,0.1746
-0.20,0.1621
-0.20,0.1515
-0.20,0.1439
-0.20,0.1367
-0.20,0.1294
-0.20,0.1219
-0.20,0.1138
-0.20,0.1054
-0.20,0.0970
-0.20,0.0885
-0.20,0.0802
-0.20,0.0720
-0.20,0.0641
-0.20,0.0568
-0.20,0.0498
-0.20,0.0433
-0.20,0.0360
-0.20,0.0272
-0.20,0.0189
-0.20,0.0106
-0.20,0.0020
-0.20,-0.0068
-0.20,-0.0153
-0.20,-0.0237
-0.20,-0.0324
-0.20,-0.0411
-0.20,-0.0501
-0.20,-0.0585
-0.20,-0.0661
-0.20,-0.0734
-0.20,-0.0809
-0.20,-0.0892
-0.20,-0.0967
-0.20,-0.1033
-0.20,-0.1107
-0.20,-0.1189
-0.20,-0.1271
-0.20,-0.1348
-0.20,-0.1422
-0.20,-0.1506
-0.20,-0.1592
-0.20,-0.1677
-0.20,-0.1752
-0.20,-0.1824
-0.20,-0.1896
-0.20,-0.1967
-0.20,-0.2042
-0.20,-0.2116
-0.20,-0.2181
-0.20,-0.2240
-0.20,-0.2310
-0.20,-0.2388
-0.20,-0.2461
-0.20,-0.2531
-0.20,-0.2594
-0.20,-0.2660
0.20,-0.2733
0.20,-0.2805
0.20,-0.2863
0.20,-0.2875
0.20,-0.2841
0.20,-0.2769
0.20,-0.2667
0.20,-0.2536
0.20,-0.2383
0.20,-0.2214
0.20,-0.2060
0.20,-0.1941
0.20,-0.1816
0.20,-0.1682
0.20,-0.1530
0.20,-0.1368
0.20,-0.1196
0.20,-0.1027
0.20,-0.0875
0.20,-0.0737
0.20,-0.0602
0.20,-0.0467
0.20,-0.0331
0.20,-0.0197
0.20,-0.0064
0.20,0.0063
0.20,0.0184
0.20,0.0301
0.20,0.0409
0.20,0.0526
0.20,0.0672
0.20,0.0832
0.20,0.0978
0.20,0.1108
0.20,0.1219
0.20,0.1323
0.20,0.1452
0.20,0.1584
0.20,0.1704
0.20,0.1807
0.20,0.1914
0.20,0.2042
0.20,0.2164
0.20,0.2274
0.20,0.2384
0.20,0.2493
0.20,0.2610
0.20,0.2714
-0.20,0.2810
-0.20,0.2909
-0.20,0.2998
-0.20,0.3045
-0.20,0.3050
-0.20,0.3015
-0.20,0.2953
-0.20,0.2867
-0.20,0.2757
-0.20,0.2629
-0.20,0.2490
-0.20,0.2385
-0.20,0.2322
-0.20,0.2259
-0.20,0.2186
-0.20,0.2094
-0.20,0.1989
-0.20,0.1873
-0.20,0.1749
-0.20,0.1632
-0.20,0.1553
-0.20,0.1488
-0.20,0.1419
-0.20,0.1344
-0.20,0.1267
-0.20,0.1184
-0.20,0.1098
-0.20,0.1011
-0.20,0.0921
-0.20,0.0831
-0.20,0.0742
-0.20,0.0659
-0.20,0.0579
-0.20,0.0504
-0.20,0.0436
-0.20,0.0373
-0.20,0.0297
-0.20,0.0212
-0.20,0.0120
-0.20,0.0033
-0.20,-0.0051
-0.20,-0.0135
-0.20,-0.0222
-0.20,-0.0312
-0.20,-0.0399
-0.20,-0.0487
-0.20,-0.0572
-0.20,-0.0650
-0.20,-0.0724
-0.20,-0.0799
-0.20,-0.0884
-0.20,-0.0958
-0.20,-0.1028
-0.20,-0.1103
-0.20,-0.1186
-0.20,-0.1267
-0.20,-0.1346
-0.20,-0.1422
-0.20,-0.1507
-0.20,-0.1595
-0.20,-0.1680
-0.20,-0.1756
-0.20,-0.1828
-0.20,-0.1899
-0.20,-0.1972
-0.20,-0.2047
-0.20,-0.2120
-0.20,-0.2186
-0.20,-0.2245
-0.20,-0.2316
-0.20,-0.2395
-0.20,-0.2469
-0.20,-0.2541
-0.20,-0.2604
-0.20,-0.2671
0.20,-0.2745
0.20,-0.2818
0.20,-0.2875
0.20,-0.2887
0.20,-0.2853
0.20,-0.2780
0.20,-0.2676
0.20,-0.2544
0.20,-0.2391
0.20,-0.2223
0.20,-0.2075
0.20,-0.1958
0.20,-0.1830
0.20,-0.1693
0.20,-0.1539
0.20,-0.1375
0.20,-0.1201
0.20,-0.1035
0.20,-0.0888
0.20,-0.0753
0.20,-0.0615
0.20,-0.0478
0.20,-0.0339
0.20,-0.0200
0.20,-0.0065
0.20,0.0065
0.20,0.0189
0.20,0.0307
0.20,0.0416
0.20,0.0528
0.20,0.0671
0.20,0.0835
0.20,0.0987
0.20,0.1121
0.20,0.1238
0.20,0.1339
0.20,0.1459
0.20,0.1594
0.20,0.1722
0.20,0.1827
0.20,0.1931
0.20,0.2056
0.20,0.2179
0.20,0.2290
0.20,0.2394
0.20,0.2505
0.20,0.2623
-0.20,0.2728
-0.20,0.2825
-0.20,0.2917
-0.20,0.2968
-0.20,0.2979
-0.20,0.2948
-0.20,0.2893
-0.20,0.2811
-0.20,0.2708
-0.20,0.2584
-0.20,0.2441
-0.20,0.2294
-0.20,0.2203
-0.20,0.2152
-0.20,0.2099
-0.20,0.2033
-0.20,0.1951
-0.20,0.1857
-0.20,0.1753
-0.20,0.1637
-0.20,0.1517
-0.20,0.1391
-0.20,0.1274
-0.20,0.1193
-0.20,0.1124
-0.20,0.1057
-0.20,0.0986
-0.20,0.0917
-0.20,0.0846
-0.20,0.0778
-0.20,0.0711
-0.20,0.0646
-0.20,0.0563
-0.20,0.0471
-0.20,0.0381
-0.20,0.0298
-0.20,0.0223
-0.20,0.0149
-0.20,0.0060
-0.20,-0.0034
-0.20,-0.0120
-0.20,-0.0199
-0.20,-0.0283
-0.20,-0.0372
-0.20,-0.0463
-0.20,-0.0548
-0.20,-0.0626
-0.20,-0.0700
-0.20,-0.0774
-0.20,-0.0852
-0.20,-0.0931
-0.20,-0.1001
-0.20,-0.1068
-0.20,-0.1144
-0.20,-0.1223
-0.20,-0.1300
-0.20,-0.1373
-0.20,-0.1447
-0.20,-0.1530
-0.20,-0.1618
-0.20,-0.1700
-0.20,-0.1774
-0.20,-0.1844
-0.20,-0.1916
-0.20,-0.1986
-0.20,-0.2061
-0.20,-0.2132
-0.20,-0.2194
-0.20,-0.2255
-0.20,-0.2324
-0.20,-0.2401
-0.20,-0.2474
-0.20,-0.2542
-0.20,-0.2605
-0.20,-0.2673
0.20,-0.2747
0.20,-0.2818
0.20,-0.2875
0.20,-0.2886
0.20,-0.2852
0.20,-0.2780
0.20,-0.2677
0.20,-0.2543
0.20,-0.2389
0.20,-0.2219
0.20,-0.2067
0.20,-0.1948
0.20,-0.1822
0.20,-0.1687
0.20,-0.1533
0.20,-0.1371
0.20,-0.1198
0.20,-0.1030
0.20,-0.0882
0.20,-0.0747
0.20,-0.0609
0.20,-0.0473
0.20,-0.0334
0.20,-0.0195
0.20,-0.0060
0.20,0.0072
0.20,0.0195
0.20,0.0313
0.20,0.0421
0.20,0.0531
0.20,0.0672
0.20,0.0835
0.20,0.0986
0.20,0.1121
0.20,0.1237
0.20,0.1338
0.20,0.1452
0.20,0.1585
0.20,0.1714
0.20,0.1820
0.20,0.1920
0.20,0.2041
0.20,0.2165
0.20,0.2278
0.20,0.2383
0.20,0.2490
0.20,0.2606
0.20,0.2712
-0.20,0.2808
-0.20,0.2905
-0.20,0.2994
-0.20,0.3039
-0.20,0.3044
-0.20,0.3008
-0.20,0.2948
-0.20,0.2862
-0.20,0.2753
-0.20,0.2625
-0.20,0.2484
-0.20,0.2377
-0.20,0.2312
-0.20,0.2251
-0.20,0.2177
-0.20,0.2087
-0.20,0.1984
-0.20,0.1869
-0.20,0.1746
-0.20,0.1629
-0.20,0.1546
-0.20,0.1478
-0.20,0.1408
-0.20,0.1333
-0.20,0.1255
-0.20,0.1171
-0.20,0.1085
-0.20,0.0998
-0.20,0.0910
-0.20,0.0823
-0.20,0.0737
-0.20,0.0655
-0.20,0.0577
-0.20,0.0504
-0.20,0.0436
-0.20,0.0373
-0.20,0.0300
-0.20,0.0215
-0.20,0.0121
-0.20,0.0033
-0.20,-0.0053
-0.20,-0.0138
-0.20,-0.0224
-0.20,-0.0314
-0.20,-0.0402
-0.20,-0.0490
-0.20,-0.0572
-0.20,-0.0652
-0.20,-0.0727
-0.20,-0.0800
-0.20,-0.0882
-0.20,-0.0959
-0.20,-0.1028
-0.20,-0.1101
-0.20,-0.1182
-0.20,-0.1264
-0.20,-0.1342
-0.20,-0.1418
-0.20,-0.1502
-0.20,-0.1589
-0.20,-0.1674
-0.20,-0.1752
-0.20,-0.1824
-0.20,-0.1896
-0.20,-0.1967
-0.20,-0.2042
-0.20,-0.2116
-0.20,-0.2182
-0.20,-0.2241
-0.20,-0.2310
-0.20,-0.2390
-0.20,-0.2463
-0.20,-0.2534
-0.20,-0.2597
-0.20,-0.2665
0.20,-0.2740
0.20,-0.2813
0.20,-0.2872
0.20,-0.2884
0.20,-0.2852
0.20,-0.2779
0.20,-0.2677
0.20,-0.2546
0.20,-0.2393
0.20,-0.2226
0.20,-0.2080
0.20,-0.1962
0.20,-0.1834
0.20,-0.1699
0.20,-0.1545
0.20,-0.1381
0.20,-0.1208
0.20,-0.1042
0.20,-0.0896
0.20,-0.0761
0.20,-0.0626
0.20,-0.0490
0.20,-0.0352
0.20,-0.0214
0.20,-0.0080
0.20,0.0049
0.20,0.0172
0.20,0.0290
0.20,0.0399
0.20,0.0509
0.20,0.0649
0.20,0.0811
0.20,0.0961
0.20,0.1097
0.20,0.1214
0.20,0.1315
0.20,0.1431
0.20,0.1562
0.20,0.1692
0.20,0.1797
0.20,0.1898
0.20,0.2020
0.20,0.2145
0.20,0.2260
0.20,0.2366
0.20,0.2474
0.20,0.2591
0.20,0.2698
-0.20,0.2796
-0.20,0.2895
-0.20,0.2985
-0.20,0.3032
-0.20,0.3037
-0.20,0.3003
-0.20,0.2943
-0.20,0.2857
-0.20,0.2748
-0.20,0.2621
-0.20,0.2481
-0.20,0.2369
-0.20,0.2305
-0.20,0.2247
-0.20,0.2176
-0.20,0.2088
-0.20,0.1986
-0.20,0.1871
-0.20,0.1746
-0.20,0.1625
-0.20,0.1533
-0.20,0.1463
-0.20,0.1392
-0.20,0.1317
-0.20,0.1239
-0.20,0.1158
-0.20,0.1074
-0.20,0.0989
-0.20,0.0903
-0.20,0.0818
-0.20,0.0734
-0.20,0.0654
-0.20,0.0578
-0.20,0.0507
-0.20,0.0440
-0.20,0.0364
-0.20,0.0275
-0.20,0.0190
-0.20,0.0107
-0.20,0.0020
-0.20,-0.0069
-0.20,-0.0158
-0.20,-0.0243
-0.20,-0.0331
-0.20,-0.0420
-0.20,-0.0510
-0.20,-0.0595
-0.20,-0.0675
-0.20,-0.0748
-0.20,-0.0824
-0.20,-0.0907
-0.20,-0.0984
-0.20,-0.1052
-0.20,-0.1125
-0.20,-0.1207
-0.20,-0.1289
-0.20,-0.1367
-0.20,-0.1442
-0.20,-0.1526
-0.20,-0.1614
-0.20,-0.1697
-0.20,-0.1775
-0.20,-0.1847
-0.20,-0.1919
-0.20,-0.1990
-0.20,-0.2064
-0.20,-0.2138
-0.20,-0.2202
-0.20,-0.2261
-0.20,-0.2331
-0.20,-0.2409
-0.20,-0.2483
-0.20,-0.2553
-0.20,-0.2616
-0.20,-0.2684
0.20,-0.2758
0.20,-0.2831
0.20,-0.2888
0.20,-0.2900
0.20,-0.2865
0.20,-0.2791
0.20,-0.2687
0.20,-0.2554
0.20,-0.2400
0.20,-0.2231
0.20,-0.2086
0.20,-0.1967
0.20,-0.1841
0.20,-0.1702
0.20,-0.1547
0.20,-0.1382
0.20,-0.1209
0.20,-0.1041
0.20,-0.0895
0.20,-0.0760
0.20,-0.0622
0.20,-0.0486
0.20,-0.0346
0.20,-0.0207
0.20,-0.0072
0.20,0.0060
0.20,0.0184
0.20,0.0301
0.20,0.0410
0.20,0.0518
0.20,0.0654
0.20,0.0815
0.20,0.0965
0.20,0.1100
0.20,0.1217
0.20,0.1316
0.20,0.1430
0.20,0.1563
0.20,0.1694
0.20,0.1799
0.20,0.1899
0.20,0.2022
0.20,0.2145
0.20,0.2259
0.20,0.2364
0.20,0.2471
0.20,0.2588
0.20,0.2693
-0.20,0.2790
-0.20,0.2887
-0.20,0.2977
-0.20,0.3022
-0.20,0.3026
-0.20,0.2989
-0.20,0.2927
-0.20,0.2840
-0.20,0.2730
-0.20,0.2600
-0.20,0.2459
-0.20,0.2347
-0.20,0.2282
-0.20,0.2221
-0.20,0.2149
-0.20,0.2060
-0.20,0.1958
-0.20,0.1845
-0.20,0.1723
-0.20,0.1601
-0.20,0.1508
-0.20,0.1438
-0.20,0.1369
-0.20,0.1297
-0.20,0.1220
-0.20,0.1139
-0.20,0.1057
-0.20,0.0972
-0.20,0.0889
-0.20,0.0806
-0.20,0.0723
-0.20,0.0643
-0.20,0.0569
-0.20,0.0501
-0.20,0.0434
-0.20,0.0353
-0.20,0.0264
-0.20,0.0180
-0.20,0.0100
-0.20,0.0019
-0.20,-0.0069
-0.20,-0.0157
-0.20,-0.0239
-0.20,-0.0323
-0.20,-0.0410
-0.20,-0.0498
-0.20,-0.0583
-0.20,-0.0662
-0.20,-0.0735
-0.20,-0.0809
-0.20,-0.0889
-0.20,-0.0970
-0.20,-0.1036
-0.20,-0.1105
-0.20,-0.1185
-0.20,-0.1268
-0.20,-0.1344
-0.20,-0.1416
-0.20,-0.1495
-0.20,-0.1581
-0.20,-0.1669
-0.20,-0.1748
-0.20,-0.1820
-0.20,-0.1891
-0.20,-0.1963
-0.20,-0.2035
-0.20,-0.2109
-0.20,-0.2176
-0.20,-0.2234
-0.20,-0.2298
-0.20,-0.2371
-0.20,-0.2446
-0.20,-0.2516
-0.20,-0.2581
-0.20,-0.2643
0.20,-0.2714
0.20,-0.2788
0.20,-0.2847
0.20,-0.2858
0.20,-0.2825
0.20,-0.2751
0.20,-0.2650
0.20,-0.2519
0.20,-0.2376
0.20,-0.2241
0.20,-0.2124
0.20,-0.2005
0.20,-0.1871
0.20,-0.1721
0.20,-0.1559
0.20,-0.1392
0.20,-0.1233
0.20,-0.1094
0.20,-0.0959
0.20,-0.0824
0.20,-0.0686
0.20,-0.0546
0.20,-0.0403
0.20,-0.0263
0.20,-0.0126
0.20,0.0010
0.20,0.0139
0.20,0.0261
0.20,0.0375
0.20,0.0480
0.20,0.0587
0.20,0.0730
0.20,0.0886
0.20,0.1033
0.20,0.1158
0.20,0.1267
0.20,0.1370
0.20,0.1495
0.20,0.1627
0.20,0.1745
0.20,0.1845
0.20,0.1955
0.20,0.2079
0.20,0.2199
0.20,0.2309
0.20,0.2415
0.20,0.2526
0.20,0.2640
-0.20,0.2739
-0.20,0.2834
-0.20,0.2925
-0.20,0.2974
-0.20,0.2983
-0.20,0.2950
-0.20,0.2895
-0.20,0.2814
-0.20,0.2711
-0.20,0.2588
-0.20,0.2447
-0.20,0.2303
-0.20,0.2214
-0.20,0.2169
-0.20,0.2120
-0.20,0.2057
-0.20,0.1978
-0.20,0.1886
-0.20,0.1784
-0.20,0.1669
-0.20,0.1548
-0.20,0.1421
-0.20,0.1299
-0.20,0.1209
-0.20,0.1140
-0.20,0.1074
-0.20,0.1008
-0.20,0.0941
-0.20,0.0873
-0.20,0.0806
-0.20,0.0741
-0.20,0.0674
-0.20,0.0587
-0.20,0.0492
-0.20,0.0399
-0.20,0.0315
-0.20,0.0236
-0.20,0.0165
-0.20,0.0080
-0.20,-0.0015
-0.20,-0.0107
-0.20,-0.0186
-0.20,-0.0266
-0.20,-0.0354
-0.20,-0.0444
-0.20,-0.0532
-0.20,-0.0613
-0.20,-0.0691
-0.20,-0.0766
-0.20,-0.0843
-0.20,-0.0925
-0.20,-0.1000
-0.20,-0.1067
-0.20,-0.1143
-0.20,-0.1226
-0.20,-0.1306
-0.20,-0.1382
-0.20,-0.1456
-0.20,-0.1540
-0.20,-0.1628
-0.20,-0.1711
-0.20,-0.1788
-0.20,-0.1862
-0.20,-0.1934
-0.20,-0.2007
-0.20,-0.2083
-0.20,-0.2156
-0.20,-0.2221
-0.20,-0.2281
-0.20,-0.2351
-0.20,-0.2428
-0.20,-0.2500
-0.20,-0.2568
-0.20,-0.2630
0.20,-0.2694
0.20,-0.2767
0.20,-0.2832
0.20,-0.2848
0.20,-0.2820
0.20,-0.2749
0.20,-0.2650
0.20,-0.2523
0.20,-0.2376
0.20,-0.2222
0.20,-0.2098
0.20,-0.1982
0.20,-0.1856
0.20,-0.1714
0.20,-0.1557
0.20,-0.1390
0.20,-0.1219
0.20,-0.1065
0.20,-0.0932
0.20,-0.0800
0.20,-0.0668
0.20,-0.0533
0.20,-0.0397
0.20,-0.0260
0.20,-0.0124
0.20,0.0006
0.20,0.0132
0.20,0.0253
0.20,0.0366
0.20,0.0474
0.20,0.0607
0.20,0.0764
0.20,0.0914
0.20,0.1051
0.20,0.1166
0.20,0.1269
0.20,0.1380
0.20,0.1510
0.20,0.1639
0.20,0.1744
0.20,0.1845
0.20,0.1967
0.20,0.2091
0.20,0.2204
0.20,0.2312
0.20,0.2418
0.20,0.2532
0.20,0.2644
-0.20,0.2743
-0.20,0.2840
-0.20,0.2930
-0.20,0.2979
-0.20,0.2985
-0.20,0.2952
-0.20,0.2894
-0.20,0.2810
-0.20,0.2706
-0.20,0.2580
-0.20,0.2438
-0.20,0.2293
-0.20,0.2202
-0.20,0.2155
-0.20,0.2104
-0.20,0.2039
-0.20,0.1960
-0.20,0.1867
-0.20,0.1764
-0.20,0.1649
-0.20,0.1529
-0.20,0.1403
-0.20,0.1284
-0.20,0.1199
-0.20,0.1133
-0.20,0.1068
-0.20,0.1003
-0.20,0.0935
-0.20,0.0868
-0.20,0.0803
-0.20,0.0740
-0.20,0.0668
-0.20,0.0574
-0.20,0.0475
-0.20,0.0383
-0.20,0.0299
-0.20,0.0221
-0.20,0.0153
-0.20,0.0074
-0.20,-0.0020
-0.20,-0.0113
-0.20,-0.0195
-0.20,-0.0271
-0.20,-0.0358
-0.20,-0.0448
-0.20,-0.0537
-0.20,-0.0618
-0.20,-0.0697
-0.20,-0.0771
-0.20,-0.0846
-0.20,-0.0928
-0.20,-0.1004
-0.20,-0.1071
-0.20,-0.1146
-0.20,-0.1228
-0.20,-0.1308
-0.20,-0.1385
-0.20,-0.1459
-0.20,-0.1543
-0.20,-0.1630
-0.20,-0.1714
-0.20,-0.1791
-0.20,-0.1864
-0.20,-0.1937
-0.20,-0.2009
-0.20,-0.2084
-0.20,-0.2157
-0.20,-0.2223
-0.20,-0.2282
-0.20,-0.2352
-0.20,-0.2430
-0.20,-0.2503
-0.20,-0.2572
-0.20,-0.2635
0.20,-0.2702
0.20,-0.2776
0.20,-0.2841
0.20,-0.2856
0.20,-0.2829
0.20,-0.2756
0.20,-0.2656
0.20,-0.2526
0.20,-0.2377
0.20,-0.2221
0.20,-0.2095
0.20,-0.1977
0.20,-0.1852
0.20,-0.1711
0.20,-0.1555
0.20,-0.1390
0.20,-0.1220
0.20,-0.1063
0.20,-0.0931
0.20,-0.0801
0.20,-0.0670
0.20,-0.0535
0.20,-0.0400
0.20,-0.0263
0.20,-0.0128
0.20,0.0003
0.20,0.0128
0.20,0.0248
0.20,0.0361
0.20,0.0470
0.20,0.0606
0.20,0.0764
0.20,0.0913
0.20,0.1049
0.20,0.1165
0.20,0.1268
0.20,0.1383
0.20,0.1514
0.20,0.1640
0.20,0.1744
0.20,0.1845
0.20,0.1969
0.20,0.2093
0.20,0.2205
0.20,0.2310
0.20,0.2417
0.20,0.2532
0.20,0.2642
-0.20,0.2741
-0.20,0.2840
-0.20,0.2930
-0.20,0.2978
-0.20,0.2985
-0.20,0.2951
-0.20,0.2894
-0.20,0.2811
-0.20,0.2705
-0.20,0.2578
-0.20,0.2434
-0.20,0.2294
-0.20,0.2210
-0.20,0.2160
-0.20,0.2103
-0.20,0.2034
-0.20,0.1950
-0.20,0.1853
-0.20,0.1746
-0.20,0.1629
-0.20,0.1508
-0.20,0.1383
-0.20,0.1279
-0.20,0.1211
-0.20,0.1151
-0.20,0.1091
-0.20,0.1029
-0.20,0.0964
-0.20,0.0900
-0.20,0.0837
-0.20,0.0764
-0.20,0.0666
-0.20,0.0563
-0.20,0.0463
-0.20,0.0369
-0.20,0.0285
-0.20,0.0209
-0.20,0.0142
-0.20,0.0077
-0.20,-0.0010
-0.20,-0.0109
-0.20,-0.0199
-0.20,-0.0276
-0.20,-0.0352
-0.20,-0.0440
-0.20,-0.0533
-0.20,-0.0618
-0.20,-0.0695
-0.20,-0.0767
-0.20,-0.0842
-0.20,-0.0926
-0.20,-0.1006
-0.20,-0.1073
-0.20,-0.1145
-0.20,-0.1225
-0.20,-0.1309
-0.20,-0.1385
-0.20,-0.1457
-0.20,-0.1539
-0.20,-0.1626
-0.20,-0.1711
-0.20,-0.1786
-0.20,-0.1859
-0.20,-0.1931
-0.20,-0.2005
-0.20,-0.2079
-0.20,-0.2152
-0.20,-0.2219
-0.20,-0.2279
-0.20,-0.2348
-0.20,-0.2423
-0.20,-0.2496
-0.20,-0.2565
-0.20,-0.2630
0.20,-0.2696
0.20,-0.2770
0.20,-0.2835
0.20,-0.2853
0.20,-0.2825
0.20,-0.2755
0.20,-0.2655
0.20,-0.2526
0.20,-0.2375
0.20,-0.2202
0.20,-0.2041
0.20,-0.1914
0.20,-0.1791
0.20,-0.1658
0.20,-0.1512
0.20,-0.1357
0.20,-0.1191
0.20,-0.1027
0.20,-0.0869
0.20,-0.0725
0.20,-0.0589
0.20,-0.0453
0.20,-0.0319
0.20,-0.0185
0.20,-0.0056
0.20,0.0069
0.20,0.0190
0.20,0.0304
0.20,0.0410
0.20,0.0523
0.20,0.0671
0.20,0.0831
0.20,0.0977
0.20,0.1107
0.20,0.1219
0.20,0.1317
0.20,0.1432
0.20,0.1565
0.20,0.1692
0.20,0.1794
0.20,0.1896
0.20,0.2020
0.20,0.2141
0.20,0.2252
0.20,0.2356
0.20,0.2462
0.20,0.2579
0.20,0.2684
-0.20,0.2779
-0.20,0.2879
-0.20,0.2966
-0.20,0.3009
-0.20,0.3011
-0.20,0.2977
-0.20,0.2916
-0.20,0.2832
-0.20,0.2724
-0.20,0.2598
-0.20,0.2465
-0.20,0.2369
-0.20,0.2303
-0.20,0.2233
-0.20,0.2150
-0.20,0.2052
-0.20,0.1943
-0.20,0.1824
-0.20,0.1705
-0.20,0.1607
-0.20,0.1538
-0.20,0.1472
-0.20,0.1401
-0.20,0.1325
-0.20,0.1245
-0.20,0.1160
-0.20,0.1072
-0.20,0.0985
-0.20,0.0896
-0.20,0.0807
-0.20,0.0722
-0.20,0.0639
-0.20,0.0563
-0.20,0.0491
-0.20,0.0425
-0.20,0.0356
-0.20,0.0267
-0.20,0.0177
-0.20,0.0094
-0.20,0.0010
-0.20,-0.0076
-0.20,-0.0165
-0.20,-0.0247
-0.20,-0.0331
-0.20,-0.0415
-0.20,-0.0504
-0.20,-0.0591
-0.20,-0.0672
-0.20,-0.0748
-0.20,-0.0821
-0.20,-0.0902
-0.20,-0.0984
-0.20,-0.1055
-0.20,-0.1124
-0.20,-0.1201
-0.20,-0.1282
-0.20,-0.1362
-0.20,-0.1434
-0.20,-0.1512
-0.20,-0.1597
-0.20,-0.1682
-0.20,-0.1762
-0.20,-0.1836
-0.20,-0.1907
-0.20,-0.1981
-0.20,-0.2050
-0.20,-0.2126
-0.20,-0.2196
-0.20,-0.2257
-0.20,-0.2320
-0.20,-0.2391
-0.20,-0.2467
-0.20,-0.2537
-0.20,-0.2602
-0.20,-0.2664
0.20,-0.2732
0.20,-0.2804
0.20,-0.2865
0.20,-0.2877
0.20,-0.2846
0.20,-0.2769
0.20,-0.2667
0.20,-0.2537
0.20,-0.2396
0.20,-0.2267
0.20,-0.2153
0.20,-0.2030
0.20,-0.1893
0.20,-0.1739
0.20,-0.1574
0.20,-0.1409
0.20,-0.1256
0.20,-0.1119
0.20,-0.0983
0.20,-0.0844
0.20,-0.0704
0.20,-0.0561
0.20,-0.0417
0.20,-0.0275
0.20,-0.0137
0.20,0.0000
0.20,0.0132
0.20,0.0255
0.20,0.0372
0.20,0.0479
0.20,0.0578
0.20,0.0701
0.20,0.0854
0.20,0.1001
0.20,0.1131
0.20,0.1242
0.20,0.1344
0.20,0.1464
0.20,0.1594
0.20,0.1714
0.20,0.1816
0.20,0.1925
0.20,0.2048
0.20,0.2167
0.20,0.2277
0.20,0.2380
0.20,0.2489
0.20,0.2601
0.20,0.2700
-0.20,0.2795
-0.20,0.2892
-0.20,0.2976
-0.20,0.3015
-0.20,0.3014
-0.20,0.2976
-0.20,0.2912
-0.20,0.2824
-0.20,0.2714
-0.20,0.2588
-0.20,0.2480
-0.20,0.2418
-0.20,0.2357
-0.20,0.2285
-0.20,0.2194
-0.20,0.2089
-0.20,0.1973
-0.20,0.1849
-0.20,0.1732
-0.20,0.1640
-0.20,0.1570
-0.20,0.1504
-0.20,0.1433
-0.20,0.1356
-0.20,0.1274
-0.20,0.1189
-0.20,0.1103
-0.20,0.1014
-0.20,0.0925
-0.20,0.0836
-0.20,0.0750
-0.20,0.0665
-0.20,0.0583
-0.20,0.0509
-0.20,0.0439
-0.20,0.0376
-0.20,0.0320
-0.20,0.0259
-0.20,0.0177
-0.20,0.0081
-0.20,-0.0011
-0.20,-0.0093
-0.20,-0.0170
-0.20,-0.0249
-0.20,-0.0337
-0.20,-0.0424
-0.20,-0.0508
-0.20,-0.0590
-0.20,-0.0670
-0.20,-0.0746
-0.20,-0.0819
-0.20,-0.0897
-0.20,-0.0975
-0.20,-0.1045
-0.20,-0.1114
-0.20,-0.1188
-0.20,-0.1267
-0.20,-0.1346
-0.20,-0.1418
-0.20,-0.1494
-0.20,-0.1577
-0.20,-0.1664
-0.20,-0.1746
-0.20,-0.1819
-0.20,-0.1890
-0.20,-0.1962
-0.20,-0.2034
-0.20,-0.2109
-0.20,-0.2182
-0.20,-0.2246
-0.20,-0.2306
-0.20,-0.2376
-0.20,-0.2453
-0.20,-0.2525
-0.20,-0.2592
-0.20,-0.2654
0.20,-0.2720
0.20,-0.2794
0.20,-0.2859
0.20,-0.2873
0.20,-0.2845
0.20,-0.2772
0.20,-0.2672
0.20,-0.2543
0.20,-0.2393
0.20,-0.2231
0.20,-0.2103
0.20,-0.1989
0.20,-0.1864
0.20,-0.1721
0.20,-0.1566
0.20,-0.1402
0.20,-0.1233
0.20,-0.1075
0.20,-0.0943
0.20,-0.0813
0.20,-0.0681
0.20,-0.0546
0.20,-0.0411
0.20,-0.0274
0.20,-0.0140
0.20,-0.0009
0.20,0.0118
0.20,0.0241
0.20,0.0354
0.20,0.0460
0.20,0.0584
0.20,0.0739
0.20,0.0889
0.20,0.1027
0.20,0.1146
0.20,0.1249
0.20,0.1356
0.20,0.1482
0.20,0.1612
0.20,0.1720
0.20,0.1818
0.20,0.1935
0.20,0.2057
0.20,0.2171
0.20,0.2277
0.20,0.2382
0.20,0.2492
0.20,0.2603
0.20,0.2700
-0.20,0.2793
-0.20,0.2890
-0.20,0.2972
-0.20,0.3010
-0.20,0.3007
-0.20,0.2968
-0.20,0.2903
-0.20,0.2813
-0.20,0.2702
-0.20,0.2575
-0.20,0.2470
-0.20,0.2409
-0.20,0.2346
-0.20,0.2271
-0.20,0.2180
-0.20,0.2074
-0.20,0.1956
-0.20,0.1832
-0.20,0.1717
-0.20,0.1629
-0.20,0.1560
-0.20,0.1493
-0.20,0.1421
-0.20,0.1343
-0.20,0.1262
-0.20,0.1176
-0.20,0.1089
-0.20,0.1000
-0.20,0.0913
-0.20,0.0825
-0.20,0.0738
-0.20,0.0654
-0.20,0.0573
-0.20,0.0498
-0.20,0.0428
-0.20,0.0366
-0.20,0.0308
-0.20,0.0243
-0.20,0.0159
-0.20,0.0061
-0.20,-0.0029
-0.20,-0.0111
-0.20,-0.0188
-0.20,-0.0269
-0.20,-0.0358
-0.20,-0.0444
-0.20,-0.0528
-0.20,-0.0612
-0.20,-0.0692
-0.20,-0.0768
-0.20,-0.0840
-0.20,-0.0918
-0.20,-0.0999
-0.20,-0.1071
-0.20,-0.1139
-0.20,-0.1214
-0.20,-0.1292
-0.20,-0.1370
-0.20,-0.1442
-0.20,-0.1517
-0.20,-0.1599
-0.20,-0.1685
-0.20,-0.1766
-0.20,-0.1838
-0.20,-0.1909
-0.20,-0.1980
-0.20,-0.2050
-0.20,-0.2125
-0.20,-0.2198
-0.20,-0.2260
-0.20,-0.2320
-0.20,-0.2388
-0.20,-0.2465
-0.20,-0.2535
-0.20,-0.2602
-0.20,-0.2663
0.20,-0.2727
0.20,-0.2800
0.20,-0.2864
0.20,-0.2877
0.20,-0.2847
0.20,-0.2773
0.20,-0.2672
0.20,-0.2541
0.20,-0.2390
0.20,-0.2223
0.20,-0.2090
0.20,-0.1974
0.20,-0.1851
0.20,-0.1711
0.20,-0.1558
0.20,-0.1397
0.20,-0.1230
0.20,-0.1070
0.20,-0.0931
0.20,-0.0799
0.20,-0.0664
0.20,-0.0527
0.20,-0.0389
0.20,-0.0250
0.20,-0.0115
0.20,0.0018
0.20,0.0144
0.20,0.0265
0.20,0.0378
0.20,0.0481
0.20,0.0592
0.20,0.0744
0.20,0.0896
0.20,0.1035
0.20,0.1155
0.20,0.1257
0.20,0.1363
0.20,0.1487
0.20,0.1616
0.20,0.1724
0.20,0.1823
0.20,0.1938
0.20,0.2062
0.20,0.2176
0.20,0.2282
0.20,0.2386
0.20,0.2498
0.20,0.2609
0.20,0.2707
-0.20,0.2802
-0.20,0.2899
-0.20,0.2977
-0.20,0.3014
-0.20,0.3007
-0.20,0.2967
-0.20,0.2899
-0.20,0.2809
-0.20,0.2696
-0.20,0.2576
-0.20,0.2486
-0.20,0.2428
-0.20,0.2363
-0.20,0.2285
-0.20,0.2189
-0.20,0.2080
-0.20,0.1959
-0.20,0.1837
-0.20,0.1733
-0.20,0.1646
-0.20,0.1567
-0.20,0.1490
-0.20,0.1411
-0.20,0.1326
-0.20,0.1238
-0.20,0.1149
-0.20,0.1058
-0.20,0.0969
-0.20,0.0880
-0.20,0.0794
-0.20,0.0712
-0.20,0.0634
-0.20,0.0559
-0.20,0.0490
-0.20,0.0426
-0.20,0.0369
-0.20,0.0319
-0.20,0.0261
-0.20,0.0178
-0.20,0.0083
-0.20,-0.0007
-0.20,-0.0087
-0.20,-0.0163
-0.20,-0.0245
-0.20,-0.0334
-0.20,-0.0420
-0.20,-0.0504
-0.20,-0.0587
-0.20,-0.0667
-0.20,-0.0743
-0.20,-0.0815
-0.20,-0.0889
-0.20,-0.0971
-0.20,-0.1046
-0.20,-0.1113
-0.20,-0.1186
-0.20,-0.1265
-0.20,-0.1345
-0.20,-0.1421
-0.20,-0.1494
-0.20,-0.1575
-0.20,-0.1661
-0.20,-0.1744
-0.20,-0.1819
-0.20,-0.1888
-0.20,-0.1957
-0.20,-0.2026
-0.20,-0.2097
-0.20,-0.2171
-0.20,-0.2239
-0.20,-0.2297
-0.20,-0.2362
-0.20,-0.2435
-0.20,-0.2508
-0.20,-0.2578
-0.20,-0.2642
0.20,-0.2704
0.20,-0.2774
0.20,-0.2838
0.20,-0.2860
0.20,-0.2832
0.20,-0.2765
0.20,-0.2668
0.20,-0.2539
0.20,-0.2389
0.20,-0.2216
0.20,-0.2038
0.20,-0.1892
0.20,-0.1776
0.20,-0.1653
0.20,-0.1520
0.20,-0.1373
0.20,-0.1218
0.20,-0.1054
0.20,-0.0889
0.20,-0.0731
0.20,-0.0583
0.20,-0.0445
0.20,-0.0311
0.20,-0.0182
0.20,-0.0055
0.20,0.0065
0.20,0.0183
0.20,0.0292
0.20,0.0394
0.20,0.0496
0.20,0.0637
0.20,0.0795
0.20,0.0945
0.20,0.1078
0.20,0.1190
0.20,0.1287
0.20,0.1393
0.20,0.1525
0.20,0.1655
0.20,0.1762
0.20,0.1860
0.20,0.1977
0.20,0.2098
0.20,0.2213
0.20,0.2314
0.20,0.2419
0.20,0.2535
0.20,0.2641
-0.20,0.2736
-0.20,0.2833
-0.20,0.2920
-0.20,0.2965
-0.20,0.2968
-0.20,0.2934
-0.20,0.2875
-0.20,0.2790
-0.20,0.2683
-0.20,0.2557
-0.20,0.2419
-0.20,0.2296
-0.20,0.2226
-0.20,0.2169
-0.20,0.2102
-0.20,0.2021
-0.20,0.1925
-0.20,0.1819
-0.20,0.1704
-0.20,0.1583
-0.20,0.1468
-0.20,0.1379
-0.20,0.1303
-0.20,0.1231
-0.20,0.1154
-0.20,0.1077
-0.20,0.0998
-0.20,0.0919
-0.20,0.0840
-0.20,0.0764
-0.20,0.0691
-0.20,0.0619
-0.20,0.0555
-0.20,0.0489
-0.20,0.0406
-0.20,0.0317
-0.20,0.0228
-0.20,0.0150
-0.20,0.0076
-0.20,-0.0006
-0.20,-0.0095
-0.20,-0.0184
-0.20,-0.0262
-0.20,-0.0344
-0.20,-0.0430
-0.20,-0.0519
-0.20,-0.0603
-0.20,-0.0681
-0.20,-0.0754
-0.20,-0.0829
-0.20,-0.0907
-0.20,-0.0988
-0.20,-0.1060
-0.20,-0.1127
-0.20,-0.1203
-0.20,-0.1284
-0.20,-0.1361
-0.20,-0.1433
-0.20,-0.1505
-0.20,-0.1588
-0.20,-0.1673
-0.20,-0.1754
-0.20,-0.1829
-0.20,-0.1900
-0.20,-0.1972
-0.20,-0.2042
-0.20,-0.2115
-0.20,-0.2186
-0.20,-0.2253
-0.20,-0.2311
-0.20,-0.2378
-0.20,-0.2452
-0.20,-0.2523
-0.20,-0.2591
-0.20,-0.2655
0.20,-0.2719
0.20,-0.2789
0.20,-0.2852
0.20,-0.2869
0.20,-0.2840
0.20,-0.2768
0.20,-0.2669
0.20,-0.2539
0.20,-0.2387
0.20,-0.2214
0.20,-0.2045
0.20,-0.1914
0.20,-0.1795
0.20,-0.1666
0.20,-0.1523
0.20,-0.1369
0.20,-0.1203
0.20,-0.1038
0.20,-0.0880
0.20,-0.0732
0.20,-0.0592
0.20,-0.0455
0.20,-0.0319
0.20,-0.0184
0.20,-0.0053
0.20,0.0072
0.20,0.0192
0.20,0.0305
0.20,0.0410
0.20,0.0516
0.20,0.0660
0.20,0.0822
0.20,0.0970
0.20,0.1103
0.20,0.1216
0.20,0.1313
0.20,0.1423
0.20,0.1557
0.20,0.1689
0.20,0.1798
0.20,0.1896
0.20,0.2014
0.20,0.2140
0.20,0.2258
0.20,0.2360
0.20,0.2467
0.20,0.2584
0.20,0.2688
-0.20,0.2784
-0.20,0.2882
-0.20,0.2969
-0.20,0.3012
-0.20,0.3012
-0.20,0.2976
-0.20,0.2913
-0.20,0.2826
-0.20,0.2719
-0.20,0.2593
-0.20,0.2479
-0.20,0.2410
-0.20,0.2350
-0.20,0.2276
-0.20,0.2187
-0.20,0.2083
-0.20,0.1968
-0.20,0.1845
-0.20,0.1726
-0.20,0.1631
-0.20,0.1562
-0.20,0.1498
-0.20,0.1431
-0.20,0.1357
-0.20,0.1278
-0.20,0.1195
-0.20,0.1108
-0.20,0.1020
-0.20,0.0932
-0.20,0.0845
-0.20,0.0758
-0.20,0.0674
-0.20,0.0595
-0.20,0.0522
-0.20,0.0455
-0.20,0.0393
-0.20,0.0330
-0.20,0.0243
-0.20,0.0153
-0.20,0.0071
-0.20,-0.0010
-0.20,-0.0096
-0.20,-0.0183
-0.20,-0.0264
-0.20,-0.0347
-0.20,-0.0431
-0.20,-0.0519
-0.20,-0.0601
-0.20,-0.0680
-0.20,-0.0754
-0.20,-0.0826
-0.20,-0.0905
-0.20,-0.0986
-0.20,-0.1057
-0.20,-0.1123
-0.20,-0.1197
-0.20,-0.1278
-0.20,-0.1356
-0.20,-0.1428
-0.20,-0.1499
-0.20,-0.1582
-0.20,-0.1668
-0.20,-0.1748
-0.20,-0.1821
-0.20,-0.1891
-0.20,-0.1961
-0.20,-0.2032
-0.20,-0.2104
-0.20,-0.2175
-0.20,-0.2241
-0.20,-0.2298
-0.20,-0.2366
-0.20,-0.2439
-0.20,-0.2511
-0.20,-0.2579
-0.20,-0.2643
0.20,-0.2705
0.20,-0.2774
0.20,-0.2837
0.20,-0.2854
0.20,-0.2824
0.20,-0.2754
0.20,-0.2655
0.20,-0.2524
0.20,-0.2373
0.20,-0.2199
0.20,-0.2020
0.20,-0.1873
0.20,-0.1753
0.20,-0.1626
0.20,-0.1489
0.20,-0.1338
0.20,-0.1178
0.20,-0.1010
0.20,-0.0842
0.20,-0.0685
0.20,-0.0535
0.20,-0.0395
0.20,-0.0258
0.20,-0.0125
0.20,0.0004
0.20,0.0129
0.20,0.0248
0.20,0.0358
0.20,0.0460
0.20,0.0568
0.20,0.0719
0.20,0.0876
0.20,0.1021
0.20,0.1146
0.20,0.1254
0.20,0.1350
0.20,0.1470
0.20,0.1608
0.20,0.1729
0.20,0.1831
0.20,0.1941
0.20,0.2066
0.20,0.2191
0.20,0.2300
0.20,0.2403
0.20,0.2519
0.20,0.2632
-0.20,0.2732
-0.20,0.2829
-0.20,0.2919
-0.20,0.2968
-0.20,0.2974
-0.20,0.2940
-0.20,0.2883
-0.20,0.2800
-0.20,0.2696
-0.20,0.2572
-0.20,0.2431
-0.20,0.2287
-0.20,0.2194
-0.20,0.2143
-0.20,0.2089
-0.20,0.2026
-0.20,0.1946
-0.20,0.1854
-0.20,0.1751
-0.20,0.1638
-0.20,0.1518
-0.20,0.1398
-0.20,0.1284
-0.20,0.1204
-0.20,0.1143
-0.20,0.1083
-0.20,0.1021
-0.20,0.0958
-0.20,0.0893
-0.20,0.0830
-0.20,0.0766
-0.20,0.0681
-0.20,0.0583
-0.20,0.0484
-0.20,0.0391
-0.20,0.0306
-0.20,0.0232
-0.20,0.0165
-0.20,0.0096
-0.20,0.0005
-0.20,-0.0088
-0.20,-0.0174
-0.20,-0.0245
-0.20,-0.0326
-0.20,-0.0414
-0.20,-0.0503
-0.20,-0.0587
-0.20,-0.0665
-0.20,-0.0740
-0.20,-0.0815
-0.20,-0.0893
-0.20,-0.0975
-0.20,-0.1048
-0.20,-0.1114
-0.20,-0.1191
-0.20,-0.1272
-0.20,-0.1350
-0.20,-0.1423
-0.20,-0.1497
-0.20,-0.1579
-0.20,-0.1665
-0.20,-0.1745
-0.20,-0.1820
-0.20,-0.1892
-0.20,-0.1963
-0.20,-0.2035
-0.20,-0.2108
-0.20,-0.2181
-0.20,-0.2248
-0.20,-0.2307
-0.20,-0.2375
-0.20,-0.2449
-0.20,-0.2521
-0.20,-0.2590
-0.20,-0.2656
0.20,-0.2719
0.20,-0.2790
0.20,-0.2854
0.20,-0.2871
0.20,-0.2841
0.20,-0.2770
0.20,-0.2669
0.20,-0.2537
0.20,-0.2384
0.20,-0.2210
0.20,-0.2040
0.20,-0.1907
